{"2.5_0.1": {"glon": 2.5, "glat": 0.1, "10": -0.25296132093664614, "25": 21.885278613437272, "50": 54.899678797509516, "75": 109.68257134360557, "90": 239.30555737486827, "95": 318.967116301157, "99": 1623.018629869164}}